code,fname,mname,lname,address,dob,age,contact,email,ref,sponmem,category,type,status
7481688,Gerald Mico,Salvador,Facistol,10 U206 Tarraville Subdivision,2018-10-01,27,916653189,tricore012@gmail.com,Sponsored,Gerald Mico,Open ,Mens,VALID
7481689,Gerald Mico,Salvador,Facistol,11 U206 Tarraville Subdivision,2018-10-02,27,916653189,tricore012@gmail.com,Sponsored,Gerald Mico,Open ,Mens,VALID
7481690,Gerald Mico,Salvador,Facistol,12 U206 Tarraville Subdivision,2018-10-03,27,916653189,tricore012@gmail.com,Sponsored,Gerald Mico,Open ,Mens,VALID
7481691,Gerald Mico,Salvador,Facistol,13 U206 Tarraville Subdivision,2018-10-04,27,916653189,tricore012@gmail.com,Sponsored,Gerald Mico,Open ,Mens,VALID
7481692,Gerald Mico,Salvador,Facistol,14 U206 Tarraville Subdivision,2018-10-05,27,916653189,tricore012@gmail.com,Sponsored,Gerald Mico,Open ,Mens,VALID
7481693,Gerald Mico,Salvador,Facistol,15 U206 Tarraville Subdivision,2018-10-06,27,916653189,tricore012@gmail.com,Sponsored,Gerald Mico,Open ,Mens,VALID
7481694,Gerald Mico,Salvador,Facistol,16 U206 Tarraville Subdivision,2018-10-07,27,916653189,tricore012@gmail.com,Sponsored,Gerald Mico,Open ,Mens,VALID
7481695,Gerald Mico,Salvador,Facistol,17 U206 Tarraville Subdivision,2018-10-08,27,916653189,tricore012@gmail.com,Sponsored,Gerald Mico,Open ,Mens,VALID
7481696,Gerald Mico,Salvador,Facistol,18 U206 Tarraville Subdivision,2018-10-09,27,916653189,tricore012@gmail.com,Sponsored,Gerald Mico,Open ,Mens,VALID
7481697,Gerald Mico,Salvador,Facistol,19 U206 Tarraville Subdivision,2018-10-10,27,916653189,tricore012@gmail.com,Sponsored,Gerald Mico,Open ,Mens,VALID
7481698,Gerald Mico,Salvador,Facistol,20 U206 Tarraville Subdivision,2018-10-11,27,916653189,tricore012@gmail.com,Sponsored,Gerald Mico,Open ,Mens,VALID
7481699,Gerald Mico,Salvador,Facistol,21 U206 Tarraville Subdivision,2018-10-12,27,916653189,tricore012@gmail.com,Sponsored,Gerald Mico,Open ,Mens,VALID
7481700,Gerald Mico,Salvador,Facistol,22 U206 Tarraville Subdivision,2018-10-13,27,916653189,tricore012@gmail.com,Sponsored,Gerald Mico,Open ,Mens,VALID
7481701,Gerald Mico,Salvador,Facistol,23 U206 Tarraville Subdivision,2018-10-14,27,916653189,tricore012@gmail.com,Sponsored,Gerald Mico,Open ,Mens,VALID
7481702,Gerald Mico,Salvador,Facistol,24 U206 Tarraville Subdivision,2018-10-15,27,916653189,tricore012@gmail.com,Sponsored,Gerald Mico,Open ,Mens,VALID
7481703,Gerald Mico,Salvador,Facistol,25 U206 Tarraville Subdivision,2018-10-16,27,916653189,tricore012@gmail.com,Sponsored,Gerald Mico,Open ,Mens,VALID
7481704,Gerald Mico,Salvador,Facistol,26 U206 Tarraville Subdivision,2018-10-17,27,916653189,tricore012@gmail.com,Sponsored,Gerald Mico,Open ,Mens,VALID
7481705,Gerald Mico,Salvador,Facistol,27 U206 Tarraville Subdivision,2018-10-18,27,916653189,tricore012@gmail.com,Sponsored,Gerald Mico,Open ,Mens,VALID
7481706,Gerald Mico,Salvador,Facistol,28 U206 Tarraville Subdivision,2018-10-19,27,916653189,tricore012@gmail.com,Sponsored,Gerald Mico,Open ,Mens,VALID
7481707,Gerald Mico,Salvador,Facistol,29 U206 Tarraville Subdivision,2018-10-20,27,916653189,tricore012@gmail.com,Sponsored,Gerald Mico,Open ,Mens,VALID